Var1,Var2
-2.12,-710.739937510938
-2.119,-414.803078757931
-2.118,-292.658620980697
-2.117,-226.208856474861
-2.116,-184.18060000553
-2.115,-154.902609006623
-2.114,-134.314570506409
-2.113,-118.093059109728
-2.112,-105.528177216115
-2.111,-95.2191319474815
-2.11,-86.8233060478267
-2.109,-79.6469979077962
-2.108,-73.536269549909
-2.107,-68.2908897345989
-2.106,-64.066491527536
-2.105,-60.068078332748
-2.104,-56.5249865511724
-2.103,-53.3704336318934
-2.102,-50.54707003708
-2.101,-48.0842831061802
-2.1,-45.7710077575213
-2.099,-43.6644742402127
-2.098,-41.740669402545
-2.097,-40.0226643204702
-2.096,-38.3894888615799
-2.095,-36.8751648947542
-2.094,-35.4691761995459
-2.093,-34.1618540297388
-2.092,-32.9443286667062
-2.091,-31.8084823547241
-2.09,-30.7469036182506
-2.089,-29.7528429611644
-2.088,-28.8201699479647
-2.087,-28.0858568111661
-2.086,-27.2556455614152
-2.085,-26.4702427567022
-2.084,-25.7265414562515
-2.083,-25.0216382395958
-2.082,-24.3528235893095
-2.081,-23.7175725026497
-2.08,-23.1135353321065
-2.079,-22.5385288548592
-2.078,-22.0262317807415
-2.077,-21.502415721641
-2.076,-21.0011196020575
-2.075,-20.5211173190581
-2.074,-20.0612447437471
-2.073,-19.6203974936663
-2.072,-19.197528744746
-2.071,-18.7916470828024
-2.07,-18.4018143945856
-2.069,-18.0271437983764
-2.068,-17.6850881449683
-2.067,-17.3371088703615
-2.066,-17.0010892403875
-2.065,-16.6765269603449
-2.064,-16.3629388026779
-2.063,-16.0598601004513
-2.062,-15.7668442474464
-2.061,-15.4834622048726
-2.06,-15.2093020146986
-2.059,-14.9439683196011
-2.058,-14.6870818895317
-2.057,-14.4382791549021
-2.056,-14.1972117463877
-2.055,-13.9635460413481
-2.054,-13.7369627168675
-2.053,-13.5171563094117
-2.052,-13.3038347811045
-2.051,-13.0967190926209
-2.05,-12.8955427826997
-2.049,-12.745589294418
-2.048,-12.5552909985897
-2.047,-12.3699392748375
-2.046,-12.1893710803629
-2.045,-12.0134283275175
-2.044,-11.8419577774628
-2.043,-11.6748109349599
-2.042,-11.5118439442911
-2.041,-11.3529174863131
-2.04,-11.1978966766408
-2.039,-11.0466509649622
-2.038,-10.8990540354853
-2.037,-10.7549837085156
-2.036,-10.6143218431648
-2.035,-10.4769542411913
-2.034,-10.342770551971
-2.033,-10.2116641786003
-2.032,-10.0835321851295
-2.031,-9.95827520492814
-2.03,-9.83579735018084
-2.029,-9.72919018442265
-2.028,-9.61181579057117
-2.027,-9.49685566903856
-2.026,-9.38424659667129
-2.025,-9.27392688559441
-2.024,-9.16583635657094
-2.023,-9.05991631259324
-2.022,-8.95610951270726
-2.021,-8.85436014606891
-2.02,-8.75461380623319
-2.019,-8.65681746567522
-2.018,-8.56091945054416
-2.017,-8.46686941564934
-2.016,-8.37461831967897
-2.015,-8.28411840065097
-2.014,-8.19532315159652
-2.013,-8.10818729647588
-2.012,-8.0226667663268
-2.011,-7.93871867564504
-2.01,-7.86372944940808
-2.009,-7.78266867011807
-2.008,-7.70295417899875
-2.007,-7.62455833660936
-2.006,-7.54745402771341
-2.005,-7.4716146540628
-2.004,-7.39701412723306
-2.003,-7.32362686150936
-2.002,-7.25142776682366
-2.001,-7.18039224174266
-2,-7.11049616650699
-1.999,-7.0417158961209
-1.998,-6.9740282534933
-1.997,-6.90741052262963
-1.996,-6.84184044187465
-1.995,-6.77729619720625
-1.994,-6.71375641558009
-1.993,-6.65120015832541
-1.992,-6.5896069145916
-1.991,-6.52895659484588
-1.99,-6.46922952442176
-1.989,-6.41040643711863
-1.988,-6.35246846885226
-1.987,-6.29539715135619
-1.986,-6.23917440593412
-1.985,-6.18378253726326
-1.984,-6.12920422724872
-1.983,-6.07542252892866
-1.982,-6.02242086043057
-1.981,-5.97018299897844
-1.98,-5.91869307495091
-1.979,-5.86793556599038
-1.978,-5.81789529116298
-1.977,-5.76855740516967
-1.976,-5.71990739260819
-1.975,-5.67193106228594
-1.974,-5.62461454158391
-1.973,-5.57794427087147
-1.972,-5.53190699797223
-1.971,-5.48648977268074
-1.97,-5.44167994133024
-1.969,-5.39746514141127
-1.968,-5.35383329624138
-1.967,-5.33191154528899
-1.966,-5.28937916229795
-1.965,-5.24737217694451
-1.964,-5.2058819792779
-1.963,-5.16490009865289
-1.962,-5.12441820203323
-1.961,-5.08442809230565
-1.96,-5.04492170660464
-1.959,-5.00589111464781
-1.958,-4.96732851708211
-1.957,-4.9292262438405
-1.956,-4.89157675250955
-1.955,-4.85437262670755
-1.954,-4.81760657447338
-1.953,-4.78127142666605
-1.952,-4.74536013537496
-1.951,-4.70986577234078
-1.95,-4.67478152738707
-1.949,-4.64010070686258
-1.948,-4.6058167320942
-1.947,-4.57192313785064
-1.946,-4.53841357081681
-1.945,-4.50528178807877
-1.944,-4.47252165561955
-1.943,-4.44012714682548
-1.942,-4.40809234100336
-1.941,-4.37641142190815
-1.94,-4.34507867628152
-1.939,-4.31408849240094
-1.938,-4.28343535863958
-1.937,-4.25311386203678
-1.936,-4.22311868687931
-1.935,-4.19344461329321
-1.934,-4.16408651584646
-1.933,-4.13503936216216
-1.932,-4.10629821154255
-1.931,-4.07785821360365
-1.93,-4.04971460692054
-1.929,-4.02186271768343
-1.928,-3.99429795836437
-1.927,-3.96701582639457
-1.926,-3.94001190285256
-1.925,-3.91328185116288
-1.924,-3.89108313671442
-1.923,-3.86487946908422
-1.922,-3.83893113204616
-1.921,-3.81323471198199
-1.92,-3.78778684187128
-1.919,-3.76258420080674
-1.918,-3.73762351351231
-1.917,-3.71290154986365
-1.916,-3.68841512441144
-1.915,-3.6641610959071
-1.914,-3.64013636683121
-1.913,-3.61633788292451
-1.912,-3.59276263272148
-1.911,-3.56940764708658
-1.91,-3.54626999875298
-1.909,-3.52334680186401
-1.908,-3.50063521151714
-1.907,-3.47813242331059
-1.906,-3.45583567289249
-1.905,-3.43374223551272
-1.904,-3.41184942557731
-1.903,-3.39015459620541
-1.902,-3.3686551387889
-1.901,-3.34734848255461
-1.9,-3.32623209412909
-1.899,-3.30530347710605
-1.898,-3.28456017161631
-1.897,-3.26399975390044
-1.896,-3.24361983588398
-1.895,-3.22341806475517
-1.894,-3.20339212254542
-1.893,-3.1835397257123
-1.892,-3.16385862472512
-1.891,-3.14434660365314
-1.89,-3.12500147975641
-1.889,-3.10582110307912
-1.888,-3.08680335604566
-1.887,-3.06794615305917
-1.886,-3.04924744010279
-1.885,-3.03070519434345
-1.884,-3.01231742373826
-1.883,-2.99408216664356
-1.882,-2.97599749142647
-1.881,-2.95941291633383
-1.88,-2.94161997311849
-1.879,-2.92396951458138
-1.878,-2.90645995980609
-1.877,-2.8890897458455
-1.876,-2.87185732756673
-1.875,-2.85476117749668
-1.874,-2.83779978566827
-1.873,-2.82097165946742
-1.872,-2.80427532348064
-1.871,-2.78770931934342
-1.87,-2.77127220558921
-1.869,-2.75496255749913
-1.868,-2.73877896695237
-1.867,-2.72272004227732
-1.866,-2.70678440810329
-1.865,-2.69097070521302
-1.864,-2.67527759039586
-1.863,-2.65970373630157
-1.862,-2.64424783129491
-1.861,-2.62890857931089
-1.86,-2.61368469971061
-1.859,-2.59857492713798
-1.858,-2.58357801137699
-1.857,-2.56869271720967
-1.856,-2.55391782427482
-1.855,-2.5392521269274
-1.854,-2.52469443409857
-1.853,-2.51024356915646
-1.852,-2.49589836976763
-1.851,-2.4816576877592
-1.85,-2.4675203889817
-1.849,-2.4534853531726
-1.848,-2.43955147382048
-1.847,-2.42571765802999
-1.846,-2.41198282638743
-1.845,-2.39834591282699
-1.844,-2.38480586449782
-1.843,-2.3713616416316
-1.842,-2.358012217411
-1.841,-2.34475657783861
-1.84,-2.3315937216068
-1.839,-2.31852265996808
-1.838,-2.30619440864676
-1.837,-2.29330148359523
-1.836,-2.28049584902356
-1.835,-2.26777669636855
-1.834,-2.25514322464365
-1.833,-2.24259464038519
-1.832,-2.23013015759887
-1.831,-2.21774899770644
-1.83,-2.20545038949255
-1.829,-2.19323356905185
-1.828,-2.1810977797362
-1.827,-2.1690422721022
-1.826,-2.15706630385877
-1.825,-2.1451691398151
-1.824,-2.13335005182861
-1.823,-2.12160831875327
-1.822,-2.10994322638801
-1.821,-2.09835406742542
-1.82,-2.0868401414005
-1.819,-2.07540075463982
-1.818,-2.06403522021065
-1.817,-2.05274285787048
-1.816,-2.04152299401661
-1.815,-2.030374961636
-1.814,-2.01929810025529
-1.813,-2.00829175589103
-1.812,-1.99735528100012
-1.811,-1.98648803443042
-1.81,-1.97568938137155
-1.809,-1.96495869330597
-1.808,-1.95429534796011
-1.807,-1.94369872925586
-1.806,-1.93316822726214
-1.805,-1.92270323814672
-1.804,-1.91230316412821
-1.803,-1.9019674134283
-1.802,-1.89169540022412
-1.801,-1.88148654460086
-1.8,-1.87134027250456
-1.799,-1.86125601569512
-1.798,-1.85123321169947
-1.797,-1.84127130376496
-1.796,-1.83136974081296
-1.795,-1.82205832463762
-1.794,-1.8122724512858
-1.793,-1.80254317725982
-1.792,-1.79287006973789
-1.791,-1.78325269918807
-1.79,-1.77369063934927
-1.789,-1.76418346721241
-1.788,-1.75473076300153
-1.787,-1.74533211015509
-1.786,-1.73598709530716
-1.785,-1.72669530826885
-1.784,-1.71745634200963
-1.783,-1.70826979263884
-1.782,-1.69913525938714
-1.781,-1.69005234458815
-1.78,-1.68102065366002
-1.779,-1.67203979508712
-1.778,-1.66310938040182
-1.777,-1.65422902416623
-1.776,-1.64539834395408
-1.775,-1.63661696033263
-1.774,-1.62788449684466
-1.773,-1.61920057999046
-1.772,-1.61056483920991
-1.771,-1.60197690686467
-1.77,-1.59343641822033
-1.769,-1.58494301142867
-1.768,-1.57649632751
-1.767,-1.56809601033549
-1.766,-1.55974170660964
-1.765,-1.55143306585273
-1.764,-1.54316974038336
-1.763,-1.53495138530108
-1.762,-1.52677765846903
-1.761,-1.51864822049661
-1.76,-1.51056273472234
-1.759,-1.50252086719659
-1.758,-1.49452228666455
-1.757,-1.4865666645491
-1.756,-1.47865367493385
-1.755,-1.4707829945462
-1.754,-1.46295430274043
-1.753,-1.45516728148088
-1.752,-1.44742161532519
-1.751,-1.43971699140757
-1.75,-1.43205309942214
-1.749,-1.42442963160634
-1.748,-1.4168462827244
-1.747,-1.40930275005083
-1.746,-1.40179873335399
-1.745,-1.39433393487975
-1.744,-1.38690805933514
-1.743,-1.37952081387211
-1.742,-1.37217190807134
-1.741,-1.36486105392608
-1.74,-1.35758796582609
-1.739,-1.35035236054156
-1.738,-1.34315395720721
-1.737,-1.33599247730634
-1.736,-1.32886764465494
-1.735,-1.32177918538598
-1.734,-1.31472682793358
-1.733,-1.30771030301738
-1.732,-1.30072934362689
-1.731,-1.29378368500593
-1.73,-1.28687306463711
-1.729,-1.27999722222638
-1.728,-1.27315589968764
-1.727,-1.26634884112738
-1.726,-1.25957579282943
-1.725,-1.25283650323969
-1.724,-1.24613072295098
-1.723,-1.23945820468796
-1.722,-1.23281870329203
-1.721,-1.22621197570635
-1.72,-1.21963778096092
-1.719,-1.21309588015764
-1.718,-1.20658603645558
-1.717,-1.20010801505612
-1.716,-1.19366158318828
-1.715,-1.18724651009406
-1.714,-1.18086256701387
-1.713,-1.17450952717195
-1.712,-1.16818716576191
-1.711,-1.1618952599323
-1.71,-1.15563358877225
-1.709,-1.14940193329715
-1.708,-1.14320007643441
-1.707,-1.13702780300926
-1.706,-1.1308848997306
-1.705,-1.12477115517693
-1.704,-1.11868635978234
-1.703,-1.11263030582252
-1.702,-1.10660278740087
-1.701,-1.10060360043461
-1.7,-1.09671616225998
-1.699,-1.09077228519627
-1.698,-1.08485548823049
-1.697,-1.07896560348061
-1.696,-1.07310246416003
-1.695,-1.06726590457192
-1.694,-1.06145576010372
-1.693,-1.05567186722146
-1.692,-1.04991406346431
-1.691,-1.04418218743896
-1.69,-1.03847607881413
-1.689,-1.03279557831504
-1.688,-1.02714052771793
-1.687,-1.02151076984458
-1.686,-1.0159061485568
-1.685,-1.01032650875105
-1.684,-1.00477169635293
-1.683,-0.999241558311825
-1.682,-0.993735942595451
-1.681,-0.988254698184482
-1.68,-0.98279767506718
-1.679,-0.977364724234019
-1.678,-0.971955697672357
-1.677,-0.966570448361091
-1.676,-0.961208830265351
-1.675,-0.955870698331194
-1.674,-0.950555908480326
-1.673,-0.945264317604823
-1.672,-0.939995783561887
-1.671,-0.934750165168595
-1.67,-0.929527322196687
-1.669,-0.924327115367345
-1.668,-0.91914940634601
-1.667,-0.913994057737192
-1.666,-0.908860933079316
-1.665,-0.903749896839568
-1.664,-0.898660814408763
-1.663,-0.893593552096225
-1.662,-0.888547977124689
-1.661,-0.883523957625206
-1.66,-0.878521362632075
-1.659,-0.873540062077782
-1.658,-0.868579926787963
-1.657,-0.863640828476369
-1.656,-0.85872263973986
-1.655,-0.853825234053402
-1.654,-0.848948485765092
-1.653,-0.844092270091185
-1.652,-0.839256463111146
-1.651,-0.83444094176271
-1.65,-0.829645583836967
-1.649,-0.824870267973444
-1.648,-0.82011487365523
-1.647,-0.815379281204084
-1.646,-0.810663371775587
-1.645,-0.805967027354284
-1.644,-0.801290130748867
-1.643,-0.796632565587347
-1.642,-0.791994216312265
-1.641,-0.787374968175894
-1.64,-0.782774707235484
-1.639,-0.778193320348494
-1.638,-0.773630695167857
-1.637,-0.76908672013726
-1.636,-0.76456128448643
-1.635,-0.760054278226438
-1.634,-0.755565592145023
-1.633,-0.751095117801927
-1.632,-0.74664274752425
-1.631,-0.742208374401807
-1.63,-0.737791892282518
-1.629,-0.733393195767802
-1.628,-0.729012180207989
-1.627,-0.724648741697745
-1.626,-0.720302777071514
-1.625,-0.715974183898979
-1.624,-0.711662860480533
-1.623,-0.707368705842761
-1.622,-0.703091619733949
-1.621,-0.698831502619601
-1.62,-0.694588255677969
-1.619,-0.690361780795602
-1.618,-0.686151980562909
-1.617,-0.681958758269741
-1.616,-0.677782017900981
-1.615,-0.67362166413215
-1.614,-0.669477602325035
-1.613,-0.665349738523328
-1.612,-0.661237979448279
-1.611,-0.657142232494362
-1.61,-0.653062405724965
-1.609,-0.648998407868085
-1.608,-0.644950148312046
-1.607,-0.640917537101226
-1.606,-0.636900484931802
-1.605,-0.633421681045818
-1.604,-0.629435321085411
-1.603,-0.625464034459412
-1.602,-0.621507743986219
-1.601,-0.617566372912163
-1.6,-0.61363984490962
-1.599,-0.609728084075136
-1.598,-0.60583101492755
-1.597,-0.601948562406128
-1.596,-0.598080651868695
-1.595,-0.594227209089775
-1.594,-0.59038816025873
-1.593,-0.586563431977916
-1.592,-0.582752951260829
-1.591,-0.578956645530263
-1.59,-0.575174442616467
-1.589,-0.571406270755318
-1.588,-0.567652058586486
-1.587,-0.563911735151603
-1.586,-0.560185229892449
-1.585,-0.556472472649131
-1.584,-0.552773393658271
-1.583,-0.549087923551195
-1.582,-0.545415993352126
-1.581,-0.541757534476395
-1.58,-0.538112478728634
-1.579,-0.534480758300987
-1.578,-0.530862305771326
-1.577,-0.527257054101467
-1.576,-0.523664936635391
-1.575,-0.52008588709747
-1.574,-0.516519839590697
-1.573,-0.512966728594922
-1.572,-0.509426488965092
-1.571,-0.505899055929491
-1.57,-0.502384365087987
-1.569,-0.498882352410291
-1.568,-0.495392954234209
-1.567,-0.4919161072639
-1.566,-0.488451748568145
-1.565,-0.484999815578617
-1.564,-0.481560246088154
-1.563,-0.478132978249033
-1.562,-0.47471795057126
-1.561,-0.471315101920852
-1.56,-0.467924371518131
-1.559,-0.464545698936016
-1.558,-0.461179024098325
-1.557,-0.457824287278082
-1.556,-0.454481429095822
-1.555,-0.451150390517905
-1.554,-0.447831112854834
-1.553,-0.444523537759576
-1.552,-0.441227607225891
-1.551,-0.437943263586656
-1.55,-0.434670449512208
-1.549,-0.431409108008676
-1.548,-0.42815918241633
-1.547,-0.424920616407925
-1.546,-0.421693353987054
-1.545,-0.418477339486507
-1.544,-0.415272517566631
-1.543,-0.412078833213693
-1.542,-0.40889623173825
-1.541,-0.405724658773526
-1.54,-0.402564060273789
-1.539,-0.399414382512733
-1.538,-0.396275572081863
-1.537,-0.393147575888892
-1.536,-0.390030341156131
-1.535,-0.386923815418894
-1.534,-0.383827946523899
-1.533,-0.380742682627675
-1.532,-0.377667972194983
-1.531,-0.374603763997227
-1.53,-0.371550007110876
-1.529,-0.368506650915892
-1.528,-0.365473645094162
-1.527,-0.362450939627931
-1.526,-0.359438484798239
-1.525,-0.356436231183371
-1.524,-0.353444129657298
-1.523,-0.350462131388135
-1.522,-0.347490187836594
-1.521,-0.344528250754447
-1.52,-0.341576272182989
-1.519,-0.338634204451514
-1.518,-0.335702000175779
-1.517,-0.332779612256491
-1.516,-0.329866993877788
-1.515,-0.326964098505724
-1.514,-0.324070879886761
-1.513,-0.321187292046266
-1.512,-0.318313289287011
-1.511,-0.31544882618768
-1.51,-0.312593857601369
-1.509,-0.309935006956027
-1.508,-0.307098753158519
-1.507,-0.304271757250445
-1.506,-0.301453979367048
-1.505,-0.298645379830746
-1.504,-0.295845919150428
-1.503,-0.293055558020747
-1.502,-0.290274257321413
-1.501,-0.287501978116494
-1.5,-0.284738681653712
-1.499,-0.281984329363745
-1.498,-0.279238882859525
-1.497,-0.276502303935544
-1.496,-0.273774554567159
-1.495,-0.271055596909893
-1.494,-0.268345393298746
-1.493,-0.265643906247501
-1.492,-0.262951098448037
-1.491,-0.260266932769637
-1.49,-0.257591372258302
-1.489,-0.254924380136063
-1.488,-0.252265919800303
-1.487,-0.249615954823064
-1.486,-0.246974448950375
-1.485,-0.244341366101563
-1.484,-0.241716670368581
-1.483,-0.239100326015328
-1.482,-0.236492297476971
-1.481,-0.233892549359272
-1.48,-0.231301046437917
-1.479,-0.22871775365784
-1.478,-0.226142636132556
-1.477,-0.223575659143487
-1.476,-0.221016788139303
-1.475,-0.218465988735246
-1.474,-0.215923226712473
-1.473,-0.213388468017387
-1.472,-0.210861678760978
-1.471,-0.208342825218164
-1.47,-0.205831873827128
-1.469,-0.203328791188659
-1.468,-0.200833544065504
-1.467,-0.198346099381705
-1.466,-0.195866424221948
-1.465,-0.19339448583091
-1.464,-0.190930251612611
-1.463,-0.188473689129763
-1.462,-0.186024766103121
-1.461,-0.183583450410837
-1.46,-0.181149710087817
-1.459,-0.178723513325077
-1.458,-0.176304828469097
-1.457,-0.173893624021182
-1.456,-0.171489868636828
-1.455,-0.169093531125074
-1.454,-0.166704580447875
-1.453,-0.164322985719458
-1.452,-0.161948716205697
-1.451,-0.159581741323475
-1.45,-0.157222030640053
-1.449,-0.154869553872443
-1.448,-0.152524280886777
-1.447,-0.150186181697685
-1.446,-0.147855226467663
-1.445,-0.145531385506455
-1.444,-0.143214629270426
-1.443,-0.140904928361946
-1.442,-0.138602253528765
-1.441,-0.136306575663396
-1.44,-0.134017865802502
-1.439,-0.131736095126276
-1.438,-0.129461234957829
-1.437,-0.127193256762575
-1.436,-0.124932132147624
-1.435,-0.122677832861171
-1.434,-0.120430330791882
-1.433,-0.118189597968294
-1.432,-0.115955606558208
-1.431,-0.113728328868082
-1.43,-0.11150773734243
-1.429,-0.10929380456322
-1.428,-0.107086503249275
-1.427,-0.104885806255675
-1.426,-0.102691686573157
-1.425,-0.100504117327521
-1.424,-0.0983230717790376
-1.423,-0.0961485233218516
-1.422,-0.0939804454833923
-1.421,-0.091818811923783
-1.42,-0.0896635964352532
-1.419,-0.0875147729415509
-1.418,-0.0853723154973551
-1.417,-0.083236198287693
-1.416,-0.081106395627358
-1.415,-0.0789828819603245
-1.414,-0.0769561143639802
-1.413,-0.0748450358631815
-1.412,-0.0727400986928772
-1.411,-0.070641280328702
-1.41,-0.0685485583349646
-1.409,-0.0664619103643588
-1.408,-0.0643813141576772
-1.407,-0.0623067475435252
-1.406,-0.060238188438033
-1.405,-0.0581756148445692
-1.404,-0.056119004853456
-1.403,-0.0540683366416853
-1.402,-0.0520235884726328
-1.401,-0.0499847386957734
-1.4,-0.0479517657463985
-1.399,-0.0459246481453338
-1.398,-0.0439033644986557
-1.397,-0.0418878934974087
-1.396,-0.0398782139173242
-1.395,-0.037874304618541
-1.394,-0.0358761445453228
-1.393,-0.0338837127257784
-1.392,-0.031896988271582
-1.391,-0.0299159503776954
-1.39,-0.0279405783220886
-1.389,-0.0259708514654603
-1.388,-0.0240067492509617
-1.387,-0.0220482512039201
-1.386,-0.0200953369315609
-1.385,-0.0181479861227311
-1.384,-0.0162061785476243
-1.383,-0.0142698940575064
-1.382,-0.0123391125844402
-1.381,-0.0104138141410099
-1.38,-0.00849397882004868
-1.379,-0.00657958679436635
-1.378,-0.00467061831647551
-1.377,-0.00276705371831865
-1.376,-0.000868873410997242
-1.375,0.00102394211549861
-1.374,0.00291141229256189
-1.373,0.00479355647323962
-1.372,0.00667039393250184
-1.371,0.00854194386751006
-1.37,0.0104082253978869
-1.369,0.012269257565985
-1.368,0.0141250593371543
-1.367,0.0159756496000082
-1.366,0.0178210471666914
-1.365,0.0196612707731471
-1.364,0.0214963390793816
-1.363,0.0233262706697292
-1.362,0.0251510840531179
-1.361,0.026970797663334
-1.36,0.0287854298592858
-1.359,0.0305949989252658
-1.358,0.0323995230712144
-1.357,0.0341990204329832
-1.356,0.0359935090725959
-1.355,0.0377830069785089
-1.354,0.0395675320658732
-1.353,0.0413471021767955
-1.352,0.0431217350805971
-1.351,0.0448914484740728
-1.35,0.0466562599817506
-1.349,0.0484161871561506
-1.348,0.0501712474780425
-1.347,0.0519214583567024
-1.346,0.0536668371301697
-1.345,0.0554074010655055
-1.344,0.0571431673590468
-1.343,0.0588741531366619
-1.342,0.0606003754540057
-1.341,0.062321851296775
-1.34,0.0640385975809623
-1.339,0.0657506311531075
-1.338,0.0674579687905528
-1.337,0.069160627201695
-1.336,0.0708586230262376
-1.335,0.0725519728354409
-1.334,0.0742406931323743
-1.333,0.0759248003521672
-1.332,0.0776043108622587
-1.331,0.079279240962646
-1.33,0.0809496068861346
-1.329,0.0826154247985874
-1.328,0.084276710799172
-1.327,0.0859334809206078
-1.326,0.0875857511294136
-1.325,0.0892335373261551
-1.324,0.0908768553456901
-1.323,0.0925157209574135
-1.322,0.0941501498655034
-1.321,0.095780157709166
-1.32,0.0974057600628793
-1.319,0.09896294707354
-1.318,0.100579829268544
-1.317,0.10219243979828
-1.316,0.103800792159935
-1.315,0.105404899806781
-1.314,0.107004776148298
-1.313,0.108600434550297
-1.312,0.110191888335046
-1.311,0.111779150781389
-1.31,0.113362235124869
-1.309,0.114941154557852
-1.308,0.11651592222965
-1.307,0.11808655124664
-1.306,0.119653054672389
-1.305,0.121215445527772
-1.304,0.122773736791098
-1.303,0.124327941398229
-1.302,0.125878072242701
-1.301,0.127424142175844
-1.3,0.128966164006908
-1.299,0.130504150503176
-1.298,0.13203811439009
-1.297,0.13356806835137
-1.296,0.135094025029135
-1.295,0.136615997024019
-1.294,0.138133996895296
-1.293,0.139648037160996
-1.292,0.141158130298028
-1.291,0.142664288742294
-1.29,0.144166524888812
-1.289,0.145664851091835
-1.288,0.14715927966497
-1.287,0.14864982288129
-1.286,0.150136492973465
-1.285,0.151619302133867
-1.284,0.153098262514697
-1.283,0.1545733862281
-1.282,0.156044685346281
-1.281,0.157512171901624
-1.28,0.158975857886811
-1.279,0.160435755254939
-1.278,0.161891875919631
-1.277,0.16334423175516
-1.276,0.164792834596565
-1.275,0.166237696239762
-1.274,0.167678828441667
-1.273,0.169116242920306
-1.272,0.170549951354936
-1.271,0.171979965386159
-1.27,0.173406296616035
-1.269,0.174828956608202
-1.268,0.176247956887988
-1.267,0.177663308942527
-1.266,0.179075024220874
-1.265,0.180483114134121
-1.264,0.181887590055507
-1.263,0.183288463320539
-1.262,0.184685745227102
-1.261,0.186079447035571
-1.26,0.187469579968931
-1.259,0.188856155212886
-1.258,0.190239183915975
-1.257,0.191618677189682
-1.256,0.192994646108553
-1.255,0.194367101710307
-1.254,0.195736054995948
-1.253,0.19710151692988
-1.252,0.198463498440018
-1.251,0.1998220104179
-1.25,0.201177063718799
-1.249,0.202528669161837
-1.248,0.203876837530094
-1.247,0.205221579570722
-1.246,0.206562905995053
-1.245,0.207900827478713
-1.244,0.209235354661736
-1.243,0.210566498148666
-1.242,0.211894268508677
-1.241,0.213218676275677
-1.24,0.214539731948423
-1.239,0.215857445990628
-1.238,0.217171828831071
-1.237,0.218482890863711
-1.236,0.21979064244779
-1.235,0.22109509390795
-1.234,0.222396255534333
-1.233,0.223694137582701
-1.232,0.224988750274536
-1.231,0.226280103797154
-1.23,0.22756820830381
-1.229,0.22885307391381
-1.228,0.230134710712616
-1.227,0.231413128751957
-1.226,0.232688338049934
-1.225,0.233960348591131
-1.224,0.23522917032672
-1.223,0.236494813174567
-1.222,0.237757287019345
-1.221,0.239016601712634
-1.22,0.240272767073034
-1.219,0.241525792886267
-1.218,0.242775688905287
-1.217,0.244022464850382
-1.216,0.245266130409286
-1.215,0.24650669523728
-1.214,0.247744168957301
-1.213,0.248978561160043
-1.212,0.250209881404071
-1.211,0.251438139215917
-1.21,0.252663344090189
-1.209,0.25388550548968
-1.208,0.255104632845464
-1.207,0.256320735557009
-1.206,0.257533822992276
-1.205,0.258743904487824
-1.204,0.259950989348918
-1.203,0.261155086849629
-1.202,0.262356206232936
-1.201,0.263554356710835
-1.2,0.26474954746444
-1.199,0.265941787644084
-1.198,0.267131086369424
-1.197,0.268317452729543
-1.196,0.269500895783055
-1.195,0.270681424558206
-1.194,0.271859048052973
-1.193,0.273033775235171
-1.192,0.274205615042553
-1.191,0.275374576382914
-1.19,0.276540668134186
-1.189,0.277703899144547
-1.188,0.278864278232518
-1.187,0.280021814187067
-1.186,0.281176515767707
-1.185,0.282328391704596
-1.184,0.283477450698642
-1.183,0.284623701421601
-1.182,0.285767152516175
-1.181,0.286907812596115
-1.18,0.288045690246322
-1.179,0.289180794022941
-1.178,0.290313132453466
-1.177,0.291442714036837
-1.176,0.292569547243542
-1.175,0.293693640515709
-1.174,0.294815002267213
-1.173,0.29593364088377
-1.172,0.297049564723036
-1.171,0.298162782114707
-1.17,0.299273301360614
-1.169,0.300381130734825
-1.168,0.301486278483739
-1.167,0.302588752826185
-1.166,0.303688561953522
-1.165,0.30478571402973
-1.164,0.305880217191514
-1.163,0.306972079548397
-1.162,0.308061309182816
-1.161,0.309147914150222
-1.16,0.310231902479173
-1.159,0.311313282171432
-1.158,0.312392061202063
-1.157,0.313468247519526
-1.156,0.314541849045772
-1.155,0.31561287367634
-1.154,0.316681329280455
-1.153,0.317747223701115
-1.152,0.318810564755194
-1.151,0.319871360233533
-1.15,0.320929617901035
-1.149,0.32198534549676
-1.148,0.323038550734019
-1.147,0.324089241300468
-1.146,0.325137424858204
-1.145,0.326183109043853
-1.144,0.327226301468669
-1.143,0.328267009718628
-1.142,0.329305241354515
-1.141,0.330341003912024
-1.14,0.331374304901847
-1.139,0.332405151809765
-1.138,0.333433552096748
-1.137,0.334459513199038
-1.136,0.335483042528247
-1.135,0.336504147471448
-1.134,0.337522835391266
-1.133,0.338539113625969
-1.132,0.339552989489563
-1.131,0.340564470271877
-1.13,0.341573563238661
-1.129,0.342580275631672
-1.128,0.343584614668767
-1.127,0.344586587543993
-1.126,0.345586201427679
-1.125,0.346583463466522
-1.124,0.347578380783681
-1.123,0.348570960478868
-1.122,0.349561209628431
-1.121,0.350549135285451
-1.12,0.351534744479829
-1.119,0.352518044218371
-1.118,0.353499041484884
-1.117,0.354477743240261
-1.116,0.355454156422567
-1.115,0.356428287947133
-1.114,0.357400144706643
-1.113,0.358369733571218
-1.112,0.359337061388508
-1.111,0.360302134983781
-1.11,0.361264961160005
-1.109,0.36222554669794
-1.108,0.363183898356224
-1.107,0.363957303602653
-1.106,0.364911218470543
-1.105,0.365862940835585
-1.104,0.366812476879319
-1.103,0.367759832767596
-1.102,0.368705014650624
-1.101,0.369648028663014
-1.1,0.370588880923824
-1.099,0.3715275775366
-1.098,0.372464124589426
-1.097,0.373398528154965
-1.096,0.374330794290503
-1.095,0.375260929037996
-1.094,0.37618893842411
-1.093,0.377114828460272
-1.092,0.378038605142705
-1.091,0.378960274452481
-1.09,0.37987984235556
-1.089,0.380797314802835
-1.088,0.381712697730176
-1.087,0.382625997058474
-1.086,0.383537218693687
-1.085,0.384446368526879
-1.084,0.38535345243427
-1.083,0.386258476277274
-1.082,0.387161445902547
-1.081,0.388062367142026
-1.08,0.38896124581298
-1.079,0.389858087718045
-1.078,0.390752898645275
-1.077,0.391645684368179
-1.076,0.39253645064577
-1.075,0.393425203222605
-1.074,0.394311947828831
-1.073,0.395196690180224
-1.072,0.396079435978237
-1.071,0.39696019091004
-1.07,0.397838960648565
-1.069,0.39871575085255
-1.068,0.399590567166577
-1.067,0.400463415221122
-1.066,0.401334300632593
-1.065,0.402203229003375
-1.064,0.403070205921872
-1.063,0.403935236962552
-1.062,0.404798327685987
-1.061,0.405659483638895
-1.06,0.40651871035419
-1.059,0.407376013351013
-1.058,0.408231398134785
-1.057,0.409084870197246
-1.056,0.409936435016494
-1.055,0.410786098057034
-1.054,0.411633864769815
-1.053,0.412479740592274
-1.052,0.413323730948381
-1.051,0.414165841248679
-1.05,0.415006076890323
-1.049,0.415844443257131
-1.048,0.416680945719617
-1.047,0.417515589635038
-1.046,0.418348380347436
-1.045,0.419179323187678
-1.044,0.4200084234735
-1.043,0.420835686509548
-1.042,0.421661117587419
-1.041,0.422484721985706
-1.04,0.423306504970035
-1.039,0.424126471793112
-1.038,0.424944627694761
-1.037,0.425760977901968
-1.036,0.426575527628919
-1.035,0.427388282077047
-1.034,0.428199246435069
-1.033,0.429008425879031
-1.032,0.429815825572346
-1.031,0.430621450665837
-1.03,0.43142530629778
-1.029,0.432227397593943
-1.028,0.433027729667627
-1.027,0.43382630761971
-1.026,0.434623136538686
-1.025,0.435418221500706
-1.024,0.43621156756962
-1.023,0.437003179797018
-1.022,0.437793063222273
-1.021,0.438581222872574
-1.02,0.439367663762979
-1.019,0.440152390896446
-1.018,0.440935409263879
-1.017,0.441716723844165
-1.016,0.442496339604219
-1.015,0.443274261499022
-1.014,0.444050494471663
-1.013,0.444825043453376
-1.012,0.445597913363588
-1.011,0.446369109109951
-1.01,0.447138635588388
-1.009,0.447906497683132
-1.008,0.448672700266766
-1.007,0.449437248200262
-1.006,0.450200146333025
-1.005,0.450961399502931
-1.004,0.451721012536365
-1.003,0.452478990248266
-1.002,0.453235337442162
-1.001,0.453990058910215
-1,0.454743159433258
-0.999,0.455494643780833
-0.998,0.456244516711237
-0.997,0.456992782971557
-0.996,0.45773944729771
-0.995,0.458484514414485
-0.994,0.459227989035583
-0.993,0.459969875863652
-0.992,0.460710179590334
-0.991,0.461448904896297
-0.99,0.462186056451282
-0.989,0.462921638914135
-0.988,0.463655656932853
-0.987,0.464388115144619
-0.986,0.465119018175844
-0.985,0.465848370642206
-0.984,0.466576177148685
-0.983,0.467302442289611
-0.982,0.468027170648695
-0.981,0.468750366799072
-0.98,0.469472035303339
-0.979,0.470192180713594
-0.978,0.470910807571477
-0.977,0.471627920408207
-0.976,0.47234352374462
-0.975,0.473057622091211
-0.974,0.473770219948169
-0.973,0.474481321805421
-0.972,0.475190932142664
-0.971,0.475899055429409
-0.97,0.47660569612502
-0.969,0.477310858678747
-0.968,0.47801454752977
-0.967,0.478716767107236
-0.966,0.479417521830295
-0.965,0.480116816108145
-0.964,0.480814654340061
-0.963,0.481511040915441
-0.962,0.482205980213842
-0.961,0.482899476605016
-0.96,0.483591534448951
-0.959,0.484282158095909
-0.958,0.484971351886463
-0.957,0.485659120151534
-0.956,0.486345467212432
-0.955,0.487030397380892
-0.954,0.487713914959112
-0.953,0.488396024239792
-0.952,0.489076729506171
-0.951,0.489756035032064
-0.95,0.490433945081901
-0.949,0.491110463910765
-0.948,0.491785595764428
-0.947,0.492459344879391
-0.946,0.493131715482919
-0.945,0.49380271179308
-0.944,0.494472338018783
-0.943,0.495140598359813
-0.942,0.495807497006873
-0.941,0.496473038141614
-0.94,0.497137225936681
-0.939,0.497800064555744
-0.938,0.498461558153536
-0.937,0.499121710875894
-0.936,0.499780526859792
-0.935,0.500438010233379
-0.934,0.501094165116017
-0.933,0.501748995618319
-0.932,0.502402505842182
-0.931,0.503054699880828
-0.93,0.503705581818839
-0.929,0.504355155732194
-0.928,0.505003425688306
-0.927,0.505650395746057
-0.926,0.506296069955838
-0.925,0.506940452359583
-0.924,0.507583546990806
-0.923,0.50822535787464
-0.922,0.508865889027869
-0.921,0.509505144458967
-0.92,0.510143128168136
-0.919,0.510779844147339
-0.918,0.511415296380339
-0.917,0.512049488842733
-0.916,0.51268242550199
-0.915,0.513314110317486
-0.914,0.513944547240543
-0.913,0.514573740214459
-0.912,0.51520169317455
-0.911,0.515828410048185
-0.91,0.516453894754818
-0.909,0.517078151206028
-0.908,0.517701183305554
-0.907,0.518322994949329
-0.906,0.518943590025518
-0.905,0.519562972414552
-0.904,0.520181145989166
-0.903,0.520798114614432
-0.902,0.521413882147794
-0.901,0.522028452439109
-0.9,0.522641829330676
-0.899,0.523254016657274
-0.898,0.523865018246199
-0.897,0.524474837917297
-0.896,0.525083479483001
-0.895,0.525683321154288
-0.894,0.52628961977721
-0.893,0.526894755327662
-0.892,0.527498731469336
-0.891,0.528101551860657
-0.89,0.528703220154805
-0.889,0.529303739999726
-0.888,0.529903115038155
-0.887,0.530501348907633
-0.886,0.531098445240518
-0.885,0.531694407664012
-0.884,0.532289239800171
-0.883,0.532882945265924
-0.882,0.533475527673093
-0.881,0.534066990628409
-0.88,0.534657337733529
-0.879,0.535246572585055
-0.878,0.535834698774548
-0.877,0.53642171988855
-0.876,0.537007639508601
-0.875,0.537592461211253
-0.874,0.538176188568093
-0.873,0.538758825145754
-0.872,0.53934037450594
-0.871,0.539920840205439
-0.87,0.540500225796143
-0.869,0.541078534825064
-0.868,0.541655770834352
-0.867,0.542231937361316
-0.866,0.542807037938437
-0.865,0.543381076093391
-0.864,0.543954055349063
-0.863,0.544525979223564
-0.862,0.545096851230256
-0.861,0.545666674877761
-0.86,0.546235453669987
-0.859,0.546803191106138
-0.858,0.547369890680741
-0.857,0.547935555883656
-0.856,0.5485001902001
-0.855,0.549063797110661
-0.854,0.549626380091319
-0.853,0.550187942613464
-0.852,0.550748488143911
-0.851,0.551308020144923
-0.85,0.551866542074226
-0.849,0.552424057385028
-0.848,0.552980569526038
-0.847,0.553536081941484
-0.846,0.554090598071131
-0.845,0.5546441213503
-0.844,0.555196655209885
-0.843,0.555748203076375
-0.842,0.556298768371867
-0.841,0.55684835451409
-0.84,0.55739696491642
-0.839,0.5579446029879
-0.838,0.558491272133257
-0.837,0.559036975752924
-0.836,0.559581717243055
-0.835,0.560125499995544
-0.834,0.560668327398048
-0.833,0.561210202833999
-0.832,0.561751129682627
-0.831,0.562291111318981
-0.83,0.56283015111394
-0.829,0.56336825243424
-0.828,0.563905418642487
-0.827,0.56444165309718
-0.826,0.564976959152726
-0.825,0.565511340159464
-0.824,0.566044799463677
-0.823,0.566577340407618
-0.822,0.567108966329524
-0.821,0.567639680563638
-0.82,0.568169486440226
-0.819,0.568698387285595
-0.818,0.569226386422118
-0.817,0.569753487168247
-0.816,0.570279692838532
-0.815,0.570805006743645
-0.814,0.571329432190396
-0.813,0.571852972481752
-0.812,0.572375630916858
-0.811,0.572897410791052
-0.81,0.573418315395892
-0.809,0.573938348019167
-0.808,0.574457511944921
-0.807,0.574975810453472
-0.806,0.575493246821431
-0.805,0.576009824321719
-0.804,0.57652554622359
-0.803,0.57704041579265
-0.802,0.577554436290872
-0.801,0.578067610976624
-0.8,0.578579943104678
-0.799,0.579091435926239
-0.798,0.579602092688959
-0.797,0.580111916636958
-0.796,0.580620911010843
-0.795,0.581129079047731
-0.794,0.581636423981264
-0.793,0.58214294904163
-0.792,0.582648657455587
-0.791,0.583153552446474
-0.79,0.583657637234241
-0.789,0.584160915035462
-0.788,0.584663389063354
-0.787,0.585165062527804
-0.786,0.585665938635381
-0.785,0.586166020589359
-0.784,0.586665311589741
-0.783,0.58716381483327
-0.782,0.587661533513458
-0.781,0.588158470820599
-0.78,0.588654629941794
-0.779,0.589150014060969
-0.778,0.589644626358894
-0.777,0.590138470013204
-0.776,0.590631548198422
-0.775,0.591123864085973
-0.774,0.59161542084421
-0.773,0.59210622163843
-0.772,0.592596269630899
-0.771,0.593085567980866
-0.77,0.593574119844588
-0.769,0.59406192837535
-0.768,0.594548996723481
-0.767,0.595035088548792
-0.766,0.595520688027457
-0.765,0.596005560780865
-0.764,0.596489709815695
-0.763,0.596973138137957
-0.762,0.597455848752992
-0.761,0.597937844665471
-0.76,0.598419128879399
-0.759,0.598899704398117
-0.758,0.599379574224299
-0.757,0.599858741359956
-0.756,0.600337208806439
-0.755,0.600814979564436
-0.754,0.601292056633978
-0.753,0.601768443014439
-0.752,0.602244141704537
-0.751,0.602719155702339
-0.75,0.603193488005258
-0.749,0.603667141610061
-0.748,0.604140119512866
-0.747,0.604612424709147
-0.746,0.605084060193739
-0.745,0.605555028960834
-0.744,0.60602533400399
-0.743,0.60649497831613
-0.742,0.606963964889547
-0.741,0.607432296715904
-0.74,0.607899976786242
-0.739,0.608367008090979
-0.738,0.608833393619914
-0.737,0.609299136362231
-0.736,0.609764239306505
-0.735,0.610228705440699
-0.734,0.610692537752176
-0.733,0.611155739227694
-0.732,0.611618312853419
-0.731,0.612080261614922
-0.73,0.612541588497185
-0.729,0.613002296484608
-0.728,0.61346238856101
-0.727,0.613921867709633
-0.726,0.61438073691315
-0.725,0.614838999153667
-0.724,0.615296657412728
-0.723,0.615753714671322
-0.722,0.616210173909882
-0.721,0.616666038108299
-0.72,0.617121310245918
-0.719,0.617575993301551
-0.718,0.618030090253476
-0.717,0.618483604079446
-0.716,0.618936537756695
-0.715,0.619388894261942
-0.714,0.619840676571395
-0.713,0.620291887660761
-0.712,0.62074253050525
-0.711,0.62119260807958
-0.71,0.621642123357985
-0.709,0.62209107931422
-0.708,0.622539478921567
-0.707,0.622987325152843
-0.706,0.623434620980405
-0.705,0.62388136937616
-0.704,0.624327573311564
-0.703,0.62477323575764
-0.702,0.625218359684974
-0.701,0.62566294806373
-0.7,0.626107003863653
-0.699,0.626550530054078
-0.698,0.626993529603937
-0.697,0.627436005481765
-0.696,0.627877960655712
-0.695,0.628319398093544
-0.694,0.628760320762656
-0.693,0.629200731630079
-0.692,0.629640633662486
-0.691,0.630080029826202
-0.69,0.630518923087212
-0.689,0.630957316411169
-0.688,0.6313952127634
-0.687,0.631832615108919
-0.686,0.632269526412433
-0.685,0.632705949638351
-0.684,0.633141887750793
-0.683,0.633577343713598
-0.682,0.634012320490334
-0.681,0.634446821044308
-0.68,0.634880848338573
-0.679,0.635314405335939
-0.678,0.635747494998982
-0.677,0.636180120290052
-0.676,0.636612284171287
-0.675,0.637043989604616
-0.674,0.637475239551776
-0.673,0.637906036974316
-0.672,0.638336384833612
-0.671,0.638766286090872
-0.67,0.63919574370715
-0.669,0.639624760643357
-0.668,0.640053339860267
-0.667,0.640481484318532
-0.666,0.640909196978691
-0.665,0.641336480801179
-0.664,0.641763338746342
-0.663,0.642189773774443
-0.662,0.642615788845677
-0.661,0.64304138692018
-0.66,0.643466570958043
-0.659,0.643891343919318
-0.658,0.644315708764035
-0.657,0.644739668452212
-0.656,0.645163225943863
-0.655,0.645586384199016
-0.654,0.646009146177721
-0.653,0.64643151484006
-0.652,0.646853493146166
-0.651,0.647275084056228
-0.65,0.647696290530508
-0.649,0.648117115529349
-0.648,0.648537562013193
-0.647,0.648957632942589
-0.646,0.649377331278208
-0.645,0.649796659980855
-0.644,0.650215622011483
-0.643,0.650634220331203
-0.642,0.651052457901302
-0.641,0.65147033768325
-0.64,0.651887862638721
-0.639,0.652302337628721
-0.638,0.652719165137785
-0.637,0.653135653204141
-0.636,0.653551804577182
-0.635,0.653967622010091
-0.634,0.654383108259821
-0.633,0.654798266087084
-0.632,0.655213098256323
-0.631,0.655627607535704
-0.63,0.656041796697098
-0.629,0.656455668516058
-0.628,0.656869225771809
-0.627,0.657282471247232
-0.626,0.657695407728841
-0.625,0.658108038006777
-0.624,0.658520364874785
-0.623,0.658932391130201
-0.622,0.659344119573938
-0.621,0.659755553010471
-0.62,0.660166694247821
-0.619,0.660577546097541
-0.618,0.660988111374705
-0.617,0.661398392897887
-0.616,0.661808393489156
-0.615,0.662218115974055
-0.614,0.662627563181594
-0.613,0.663036737944231
-0.612,0.663445643097865
-0.611,0.663854281481819
-0.61,0.66426265593883
-0.609,0.664670769315035
-0.608,0.665078624459964
-0.607,0.66548622422652
-0.606,0.665893571470976
-0.605,0.666300669052958
-0.604,0.666707519835438
-0.603,0.667114126684721
-0.602,0.667520492470433
-0.601,0.667926620065515
-0.6,0.668332512346211
-0.599,0.668738172192055
-0.598,0.669143602485868
-0.597,0.669548806113741
-0.596,0.669953785965034
-0.595,0.670358544932358
-0.594,0.670763085911576
-0.593,0.671167411801786
-0.592,0.671571525505317
-0.591,0.671975429927724
-0.59,0.672379127977771
-0.589,0.672782622567434
-0.588,0.673185916611886
-0.587,0.673589013029494
-0.586,0.67399191474181
-0.585,0.674394624673567
-0.584,0.674797145752668
-0.583,0.675199480910184
-0.582,0.675601633080348
-0.581,0.676003605200546
-0.58,0.676405400211314
-0.579,0.676807021056333
-0.578,0.677208470682421
-0.577,0.677609752039533
-0.576,0.678010868080752
-0.575,0.678411821762286
-0.574,0.678812616043466
-0.573,0.679213253886738
-0.572,0.679613738257664
-0.571,0.680014072124914
-0.57,0.680414258460267
-0.569,0.680814300238603
-0.568,0.681214200437906
-0.567,0.681613962039258
-0.566,0.682013588026835
-0.565,0.68241308138791
-0.564,0.682812445112848
-0.563,0.683211682195103
-0.562,0.683610795631219
-0.561,0.68400978842083
-0.56,0.684408663566653
-0.559,0.684807424074495
-0.558,0.685206072953248
-0.557,0.685604613214889
-0.556,0.686003047874482
-0.555,0.686401379950174
-0.554,0.686799612463201
-0.553,0.687197748437885
-0.552,0.687595790901635
-0.551,0.687993742884949
-0.55,0.688391607421416
-0.549,0.688789387547715
-0.548,0.68918708630362
-0.547,0.689584706731999
-0.546,0.68998225187882
-0.545,0.690379724793148
-0.544,0.690777128527152
-0.543,0.691174466136109
-0.542,0.6915717406784
-0.541,0.691968955215524
-0.54,0.69236611281209
-0.539,0.692763216535831
-0.538,0.693160269457601
-0.537,0.693557274651383
-0.536,0.693954235194294
-0.535,0.694351154166584
-0.534,0.694748034651649
-0.533,0.695144879736031
-0.532,0.695541692509424
-0.531,0.695938476064681
-0.53,0.696335233497819
-0.529,0.696731967908027
-0.528,0.697128682397666
-0.527,0.697525380072286
-0.526,0.697922064040623
-0.525,0.698318737414611
-0.524,0.698715403309388
-0.523,0.699112064843305
-0.522,0.69950872513793
-0.521,0.699905387318061
-0.52,0.700302054511728
-0.519,0.700698729850207
-0.518,0.701095416468026
-0.517,0.701492117502975
-0.516,0.701888836096111
-0.515,0.702285575391775
-0.514,0.702682338537594
-0.513,0.703079128684493
-0.512,0.703475948986708
-0.511,0.703864332735925
-0.51,0.704261227611514
-0.509,0.704658171487603
-0.508,0.705055167219302
-0.507,0.705452217670389
-0.506,0.705849325713262
-0.505,0.706246494228912
-0.504,0.706643726106877
-0.503,0.707041024245209
-0.502,0.707438391550438
-0.501,0.707835830937532
-0.5,0.708233345329867
-0.499,0.708630937659186
-0.498,0.70902861086557
-0.497,0.709426367897398
-0.496,0.709824211711316
-0.495,0.710222145272203
-0.494,0.71062017155314
-0.493,0.711018293535372
-0.492,0.711416514208283
-0.491,0.711814836569357
-0.49,0.712213263624152
-0.489,0.712611798386266
-0.488,0.713010443877309
-0.487,0.71340920312687
-0.486,0.713808079172491
-0.485,0.714207075059633
-0.484,0.714606193841654
-0.483,0.715005438579773
-0.482,0.715404812343047
-0.481,0.715804318208345
-0.48,0.716203959260315
-0.479,0.716603738591362
-0.478,0.717003659301622
-0.477,0.717403724498933
-0.476,0.717803937298814
-0.475,0.718204300824437
-0.474,0.718604818206601
-0.473,0.719005492583715
-0.472,0.719406327101768
-0.471,0.719807324914306
-0.47,0.720208489182414
-0.469,0.72060982307469
-0.468,0.721011329767223
-0.467,0.721413012443576
-0.466,0.721814874294757
-0.465,0.722216918519208
-0.464,0.722619148322778
-0.463,0.723021566918706
-0.462,0.723424177527601
-0.461,0.723826983377424
-0.46,0.72422998770347
-0.459,0.724633193748349
-0.458,0.725036604761968
-0.457,0.725440224001515
-0.456,0.725844054731445
-0.455,0.726248100223457
-0.454,0.726652363756486
-0.453,0.727056848616682
-0.452,0.727461558097397
-0.451,0.727866495499172
-0.45,0.728271664129722
-0.449,0.72867706730392
-0.448,0.729082708343788
-0.447,0.729488590578481
-0.446,0.729894717344279
-0.445,0.730301091984568
-0.444,0.730707717849836
-0.443,0.731114598297658
-0.442,0.731521736692685
-0.441,0.731929136406637
-0.44,0.73233680081829
-0.439,0.73274473331347
-0.438,0.733152937285041
-0.437,0.7335614161329
-0.436,0.733970173263964
-0.435,0.734379212092168
-0.434,0.734788536038457
-0.433,0.735198148530774
-0.432,0.735608053004061
-0.431,0.736018252900249
-0.43,0.736428751668253
-0.429,0.736839552763968
-0.428,0.737250659650266
-0.427,0.737662075796988
-0.426,0.738073804680943
-0.425,0.738485849785906
-0.424,0.738898214602612
-0.423,0.739310902628756
-0.422,0.739723917368991
-0.421,0.740137262334925
-0.42,0.740550941045124
-0.419,0.740964957025105
-0.418,0.74137931380734
-0.417,0.741794014931259
-0.416,0.742209063943242
-0.415,0.742624464396631
-0.414,0.743040219851724
-0.413,0.743456333875777
-0.412,0.743872810043012
-0.411,0.744289651934615
-0.41,0.744706863138742
-0.409,0.74512444725052
-0.408,0.745542407872054
-0.407,0.74596074861243
-0.406,0.746379473087722
-0.405,0.746798584920994
-0.404,0.74721808774231
-0.403,0.747637985188736
-0.402,0.748058280904352
-0.401,0.748478978540253
-0.4,0.748900081754564
-0.399,0.749321594212441
-0.398,0.749743519586084
-0.397,0.750165861554744
-0.396,0.750588623804735
-0.395,0.751011810029439
-0.394,0.751435423929321
-0.393,0.751859469211938
-0.392,0.752283949591948
-0.391,0.752708868791127
-0.39,0.753134230538374
-0.389,0.753560038569728
-0.388,0.753986296628382
-0.387,0.754413008464692
-0.386,0.754840177836193
-0.385,0.755267808507613
-0.384,0.755695904250889
-0.383,0.756109184591724
-0.382,0.756538226455446
-0.381,0.756967753796296
-0.38,0.757397770092783
-0.379,0.757828278836722
-0.378,0.758259283533192
-0.377,0.758690787700484
-0.376,0.75912279487006
-0.375,0.759555308586507
-0.374,0.759988332407496
-0.373,0.760421869903737
-0.372,0.760855924658938
-0.371,0.761290500269762
-0.37,0.761725600345789
-0.369,0.762161228509476
-0.368,0.762597388396115
-0.367,0.763034083653801
-0.366,0.763471317943385
-0.365,0.763909094938446
-0.364,0.764347418325252
-0.363,0.764786291802721
-0.362,0.765225719082391
-0.361,0.765665703888388
-0.36,0.766106249957383
-0.359,0.766547361038573
-0.358,0.766989040893637
-0.357,0.767431293296714
-0.356,0.767874122034369
-0.355,0.768317530905563
-0.354,0.768761523721626
-0.353,0.769206104306227
-0.352,0.769651276495352
-0.351,0.77009704413727
-0.35,0.770543411092512
-0.349,0.770990381233846
-0.348,0.771437958446251
-0.347,0.771886146626893
-0.346,0.772334949685106
-0.345,0.772784371542365
-0.344,0.77323441613227
-0.343,0.773685087400518
-0.342,0.774136389304892
-0.341,0.774588325815235
-0.34,0.775040900913436
-0.339,0.77549411859341
-0.338,0.77594798286108
-0.337,0.776402497734365
-0.336,0.776857667243162
-0.335,0.777313495429329
-0.334,0.777769986346677
-0.333,0.778227144060951
-0.332,0.778684972649821
-0.331,0.779143476202869
-0.33,0.779602658821578
-0.329,0.780062524619323
-0.328,0.780523077721361
-0.327,0.780984322264818
-0.326,0.78144626239869
-0.325,0.781908902283827
-0.324,0.782372246092932
-0.323,0.78283629801055
-0.322,0.78330106223307
-0.321,0.783766542968715
-0.32,0.784232744437539
-0.319,0.784699670871427
-0.318,0.785167326514091
-0.317,0.785635715621069
-0.316,0.786104842459722
-0.315,0.786574711309239
-0.314,0.787045326460633
-0.313,0.787516692216747
-0.312,0.787988812892253
-0.311,0.788461692813654
-0.31,0.788935336319293
-0.309,0.789409747759353
-0.308,0.789884931495863
-0.307,0.790360891902707
-0.306,0.790837633365624
-0.305,0.791315160282224
-0.304,0.791793477061992
-0.303,0.792272588126294
-0.302,0.792752497908391
-0.301,0.793233210853451
-0.3,0.793714731418553
-0.299,0.794197064072707
-0.298,0.79468021329686
-0.297,0.795164183583914
-0.296,0.795648979438737
-0.295,0.796134605378182
-0.294,0.796621065931098
-0.293,0.797108365638347
-0.292,0.797596509052824
-0.291,0.798085500739474
-0.29,0.798575345275308
-0.289,0.799066047249425
-0.288,0.799557611263029
-0.287,0.800050041929455
-0.286,0.800543343874184
-0.285,0.801037521734871
-0.284,0.801532580161365
-0.283,0.802028523815733
-0.282,0.802525357372283
-0.281,0.803023085517594
-0.28,0.803521712950537
-0.279,0.804021244382303
-0.278,0.804521684536432
-0.277,0.80502303814884
-0.276,0.805525309967848
-0.275,0.806028504754211
-0.274,0.806532627281149
-0.273,0.807037682334379
-0.272,0.807543674712143
-0.271,0.808050609225249
-0.27,0.808558490697093
-0.269,0.809067323963702
-0.268,0.809577113873764
-0.267,0.810087865288668
-0.266,0.810599583082534
-0.265,0.811112272142255
-0.264,0.811625937367534
-0.263,0.81214058367092
-0.262,0.81265621597785
-0.261,0.813172839226688
-0.26,0.813690458368765
-0.259,0.814209078368421
-0.258,0.814728704203047
-0.257,0.815249340863129
-0.256,0.81577099335229
-0.255,0.816279125380832
-0.254,0.816802826717621
-0.253,0.817327563102965
-0.252,0.817853339413286
-0.251,0.818380160542694
-0.25,0.818908031402974
-0.249,0.819436956923577
-0.248,0.819966942051607
-0.247,0.820497991751814
-0.246,0.821030111006586
-0.245,0.821563304815942
-0.244,0.822097578197526
-0.243,0.822632936186602
-0.242,0.823169383836054
-0.241,0.823706926216379
-0.24,0.824245568415689
-0.239,0.82478531553971
-0.238,0.825326172711785
-0.237,0.825868145072872
-0.236,0.826411237781554
-0.235,0.826955456014036
-0.234,0.827500804964157
-0.233,0.828047289843395
-0.232,0.828594915880871
-0.231,0.829143688323365
-0.23,0.829693612435322
-0.229,0.830244693498861
-0.228,0.830796936813796
-0.227,0.831350347697638
-0.226,0.831904931485621
-0.225,0.832460693530711
-0.224,0.833017639203623
-0.223,0.833575773892843
-0.222,0.834135103004646
-0.221,0.834695631963113
-0.22,0.835257366210156
-0.219,0.835820311205542
-0.218,0.836384472426912
-0.217,0.836949855369808
-0.216,0.837516465547703
-0.215,0.838084308492021
-0.214,0.838653389752172
-0.213,0.839223714895575
-0.212,0.839795289507695
-0.211,0.840368119192072
-0.21,0.84094220957035
-0.209,0.841517566282319
-0.208,0.842094194985942
-0.207,0.842672101357397
-0.206,0.843251291091111
-0.205,0.843831769899801
-0.204,0.844413543514509
-0.203,0.844996617684651
-0.202,0.84558099817805
-0.201,0.846166690780983
-0.2,0.846753701298228
-0.199,0.847342035553102
-0.198,0.847931699387516
-0.197,0.848522698662014
-0.196,0.849115039255829
-0.195,0.849708727066927
-0.194,0.850303768012063
-0.193,0.850900168026829
-0.192,0.851497933065708
-0.191,0.852097069102131
-0.19,0.852697582128529
-0.189,0.853299478156391
-0.188,0.853902763216321
-0.187,0.8545074433581
-0.186,0.855113524650741
-0.185,0.855721013182552
-0.184,0.856329915061202
-0.183,0.856940236413777
-0.182,0.857551983386852
-0.181,0.85816516214655
-0.18,0.858779778878613
-0.179,0.85939583978847
-0.178,0.860013351101304
-0.177,0.86063231906212
-0.176,0.861252749935824
-0.175,0.861874650007286
-0.174,0.86249802558142
-0.173,0.863122882983255
-0.172,0.863749228558016
-0.171,0.864377068671192
-0.17,0.865006409708623
-0.169,0.865637258076574
-0.168,0.866269620201817
-0.167,0.866903502531712
-0.166,0.867538911534289
-0.165,0.868175853698332
-0.164,0.868814335533466
-0.163,0.86945436357024
-0.162,0.870095944360215
-0.161,0.870739084476052
-0.16,0.871383790511601
-0.159,0.872030069081995
-0.158,0.872677926823734
-0.157,0.873327370394788
-0.156,0.87397840647468
-0.155,0.874631041764589
-0.154,0.875285282987442
-0.153,0.875941136888015
-0.152,0.876598610233027
-0.151,0.877257709811239
-0.15,0.877918442433562
-0.149,0.878580814933151
-0.148,0.87924483416551
-0.147,0.879910507008598
-0.146,0.880577840362933
-0.145,0.881246841151697
-0.144,0.881917516320845
-0.143,0.882589872839213
-0.142,0.883263917698629
-0.141,0.883939657914019
-0.14,0.884617100523526
-0.139,0.885296252588619
-0.138,0.885977121194205
-0.137,0.886659713448749
-0.136,0.887344036484389
-0.135,0.888030097457052
-0.134,0.888717903546573
-0.133,0.889407461956816
-0.132,0.890098779915797
-0.131,0.890791864675799
-0.13,0.891486723513503
-0.129,0.892183363730109
-0.128,0.892881792651461
-0.127,0.893577533014647
-0.126,0.894279561544297
-0.125,0.894983401135489
-0.124,0.895689059193679
-0.123,0.896396543150587
-0.122,0.897105860464308
-0.121,0.897817018619415
-0.12,0.898530025127065
-0.119,0.899244887525113
-0.118,0.899961613378217
-0.117,0.900680210277956
-0.116,0.901400685842936
-0.115,0.902123047718912
-0.114,0.9028473035789
-0.113,0.903573461123298
-0.112,0.904301528080004
-0.111,0.905031512204536
-0.11,0.905763421280156
-0.109,0.906497263117995
-0.108,0.907233045557176
-0.107,0.907970776464941
-0.106,0.908710463736782
-0.105,0.90945211529657
-0.104,0.910195739096683
-0.103,0.910941343118147
-0.102,0.91168893537076
-0.101,0.912438523893236
-0.1,0.91319011675334
-0.099,0.913943722048026
-0.098,0.914699347903577
-0.097,0.91545700247575
-0.096,0.916216693949917
-0.095,0.91697843054121
-0.094,0.917742220494667
-0.093,0.918508072085381
-0.092,0.919275993618651
-0.091,0.920045993430128
-0.09,0.920818079885973
-0.089,0.921592261383006
-0.088,0.922368546348865
-0.087,0.923146943242162
-0.086,0.923927460552639
-0.085,0.924710106801331
-0.084,0.925494890540727
-0.083,0.92628182035493
-0.082,0.927070904859824
-0.081,0.927862152703239
-0.08,0.92865557256512
-0.079,0.929451173157692
-0.078,0.930248963225635
-0.077,0.931048951546252
-0.076,0.931851146929644
-0.075,0.932655558218884
-0.074,0.933462194290197
-0.073,0.934271064053129
-0.072,0.935082176450739
-0.071,0.935895540459768
-0.07,0.936711165090827
-0.069,0.937529059388581
-0.068,0.938349232431933
-0.067,0.939171693334211
-0.066,0.939996451243356
-0.065,0.940823515342111
-0.064,0.941652894848215
-0.063,0.942484544138928
-0.062,0.94331858251168
-0.061,0.944154964603718
-0.06,0.944993699680821
-0.059,0.945834797056312
-0.058,0.946678266090306
-0.057,0.947524116189011
-0.056,0.948372356804083
-0.055,0.949222997432025
-0.054,0.950076047613628
-0.053,0.95093151693347
-0.052,0.951789415019443
-0.051,0.952649751542338
-0.05,0.953512536215462
-0.049,0.954377778794298
-0.048,0.955245489076206
-0.047,0.956115676900164
-0.046,0.956988352146538
-0.045,0.957863524736893
-0.044,0.958741204633844
-0.043,0.959621401840928
-0.042,0.960504126402519
-0.041,0.961389388403766
-0.04,0.962277197970567
-0.039,0.963167565269566
-0.038,0.964060500508182
-0.037,0.964956013934663
-0.036,0.965854115838157
-0.035,0.966754816548822
-0.034,0.967658126437943
-0.033,0.968564055918081
-0.032,0.969472615443235
-0.031,0.970383812355038
-0.03,0.971297663491597
-0.029,0.97221417627492
-0.028,0.973133361331479
-0.027,0.974055229329074
-0.026,0.974979790977292
-0.025,0.975907057027966
-0.024,0.976837038275611
-0.023,0.977769745557861
-0.022,0.978705189755882
-0.021,0.979643381794789
-0.02,0.98058433264404
-0.019,0.981528053317822
-0.018,0.982474554875435
-0.017,0.983423848421649
-0.016,0.984375945107066
-0.015,0.985330856155948
-0.014,0.986288592757321
-0.013,0.987249166228878
-0.012,0.988212587907202
-0.011,0.989178869176607
-0.01,0.990148021469353
-0.009,0.991120056265854
-0.008,0.992094985094887
-0.007,0.993072819535563
-0.006,0.994053571211001
-0.005,0.995037251797889
-0.004,0.996023873019997
-0.003,0.997013446646289
-0.002,0.998005984496541
-0.001,0.9990014985
0,1
0.001,1.0010015015
0.002,1.00200601549607
0.003,1.00301355364705
0.004,1.0040241280153
0.005,1.00503775080498
0.006,1.00605443424341
0.007,1.00707419061438
0.008,1.00809703225185
0.009,1.00912297155422
0.01,1.01015202096259
0.011,1.01118419297534
0.012,1.01221950014519
0.013,1.01325795507959
0.014,1.01429957044112
0.015,1.01534435894785
0.016,1.01639233339875
0.017,1.01744350657001
0.018,1.01849789137266
0.019,1.01955550074811
0.02,1.02061634769446
0.021,1.02168044526672
0.022,1.0227478065771
0.023,1.02381844479521
0.024,1.02489237314833
0.025,1.02596960492159
0.026,1.02705015345821
0.027,1.02813403215969
0.028,1.02922125448598
0.029,1.0303118339557
0.03,1.0314057841463
0.031,1.03250311869419
0.032,1.03360384782183
0.033,1.0347079922626
0.034,1.03581556235778
0.035,1.03692657199246
0.036,1.03804103511385
0.037,1.03915896573168
0.038,1.0402803779187
0.039,1.04140528581115
0.04,1.04253370360927
0.041,1.04366564557786
0.042,1.04480112604679
0.043,1.0459401594116
0.044,1.04708276013414
0.045,1.04822894274316
0.046,1.04937872183499
0.047,1.05053211207424
0.048,1.05168912819452
0.049,1.05284978499918
0.05,1.05401409736214
0.051,1.05518208022867
0.052,1.05635374861628
0.053,1.05752911761557
0.054,1.05870820239124
0.055,1.05989101818298
0.056,1.06107758030654
0.057,1.06226790415476
0.058,1.06346200519865
0.059,1.06465989898857
0.06,1.06586160115537
0.061,1.06706712741164
0.062,1.06827649355299
0.063,1.06948971545936
0.064,1.07070665730594
0.065,1.07192763788258
0.066,1.07315252167836
0.067,1.07438132479168
0.068,1.07561406339733
0.069,1.076850753747
0.07,1.07809141216976
0.071,1.07933605507254
0.072,1.08058469894063
0.073,1.08183736033818
0.074,1.08309405590869
0.075,1.0843548023755
0.076,1.08561961654233
0.077,1.08688851529375
0.078,1.08816151559571
0.079,1.08943863449605
0.08,1.09071988912501
0.081,1.09200529669578
0.082,1.09329487450496
0.083,1.09458863993314
0.084,1.09588661044541
0.085,1.09718880359189
0.086,1.09849523700827
0.087,1.09980592841635
0.088,1.10112089562455
0.089,1.10244015652849
0.09,1.10376372911154
0.091,1.10509163144533
0.092,1.10642388169033
0.093,1.1077604980964
0.094,1.10910149900336
0.095,1.11044690284153
0.096,1.11179672813229
0.097,1.11315099348869
0.098,1.11450971761598
0.099,1.11587291931218
0.1,1.1172406174687
0.101,1.11861283107085
0.102,1.11998957919851
0.103,1.12137088102663
0.104,1.12275675582588
0.105,1.1241472229632
0.106,1.12554230190242
0.107,1.12694201220486
0.108,1.12834637352989
0.109,1.1297554056356
0.11,1.13116912837934
0.111,1.13258756171837
0.112,1.13401072571045
0.113,1.13543864051448
0.114,1.13687132639109
0.115,1.1383088037033
0.116,1.13975109291708
0.117,1.14119821460205
0.118,1.14265018943206
0.119,1.14410703818584
0.12,1.14556878174765
0.121,1.14703544110789
0.122,1.14850703736377
0.123,1.14998359171993
0.124,1.15146512548911
0.125,1.1529516600928
0.126,1.15444321706186
0.127,1.15593981803723
0.128,1.15743655857385
0.129,1.15894331417785
0.13,1.16045518029898
0.131,1.16197217910083
0.132,1.16349433286386
0.133,1.16502166398616
0.134,1.16655419498422
0.135,1.16809194849374
0.136,1.16963494727036
0.137,1.17118321419047
0.138,1.17273677225201
0.139,1.17429564457524
0.14,1.17585985440355
0.141,1.17742942510426
0.142,1.17900438016941
0.143,1.1805847432166
0.144,1.18217053798978
0.145,1.18376178836007
0.146,1.18535851832659
0.147,1.18696075201726
0.148,1.18856851368969
0.149,1.19018182773193
0.15,1.1918007186634
0.151,1.19342521113564
0.152,1.19505532993322
0.153,1.19669109997459
0.154,1.1983325463129
0.155,1.19997969413686
0.156,1.20163256877165
0.157,1.20329119567973
0.158,1.20495560046176
0.159,1.20662580885743
0.16,1.20830184674638
0.161,1.20998374014906
0.162,1.21167151522761
0.163,1.21336519828679
0.164,1.21506481577483
0.165,1.21677039428435
0.166,1.2184819605533
0.167,1.22019954146579
0.168,1.22192316405307
0.169,1.22365285549442
0.17,1.22538864311808
0.171,1.22713055440215
0.172,1.22887861697556
0.173,1.23063285861896
0.174,1.23239330726571
0.175,1.23415999100275
0.176,1.23593293807162
0.177,1.23771217686935
0.178,1.23949773594947
0.179,1.2412896440229
0.18,1.24308792995897
0.181,1.24489262278637
0.182,1.24670375169411
0.183,1.24852134603249
0.184,1.25034543531411
0.185,1.25217604921482
0.186,1.25401321757471
0.187,1.25585697039913
0.188,1.25770733785965
0.189,1.25956435029508
0.19,1.26142803821247
0.191,1.2632984322881
0.192,1.26517556336854
0.193,1.26705946247159
0.194,1.26895016078737
0.195,1.27084768967933
0.196,1.27275208068522
0.197,1.27466336551821
0.198,1.27658157606786
0.199,1.2785067444012
0.2,1.28043890276374
0.201,1.28237808358056
0.202,1.28432431945732
0.203,1.28627764318136
0.204,1.28823808772272
0.205,1.29020568623524
0.206,1.29218047205759
0.207,1.2941624787144
0.208,1.29615173991729
0.209,1.29814828956597
0.21,1.30015216174931
0.211,1.30216339074646
0.212,1.30418201102793
0.213,1.30620805725667
0.214,1.30820872292514
0.215,1.31024974201668
0.216,1.31229830377243
0.217,1.31435444427942
0.218,1.31641819984221
0.219,1.31848960698429
0.22,1.32056870244957
0.221,1.32265552320387
0.222,1.32475010643637
0.223,1.32685248956115
0.224,1.32896271021862
0.225,1.33108080627707
0.226,1.33320681583414
0.227,1.33534077721839
0.228,1.33748272899077
0.229,1.33963270994617
0.23,1.34179075911496
0.231,1.34395691576453
0.232,1.34613121940083
0.233,1.34831370976994
0.234,1.35050442685962
0.235,1.35270341090089
0.236,1.35491070236961
0.237,1.35712634198804
0.238,1.35935037072646
0.239,1.36158282980475
0.24,1.36382376069401
0.241,1.36607320511813
0.242,1.36833120505547
0.243,1.37059780274042
0.244,1.37287304066508
0.245,1.37515696158088
0.246,1.37744960850021
0.247,1.3797510246981
0.248,1.38206125371385
0.249,1.38438033935272
0.25,1.38670832568758
0.251,1.38904525706062
0.252,1.39139117808498
0.253,1.39374613364651
0.254,1.39611016890543
0.255,1.39848332929801
0.256,1.40086566053836
0.257,1.40325720862007
0.258,1.40565801981799
0.259,1.40806814068993
0.26,1.41048761807842
0.261,1.41291649911245
0.262,1.41535483120922
0.263,1.4178026620759
0.264,1.42026003971141
0.265,1.42272701240817
0.266,1.42520362875391
0.267,1.42768993763343
0.268,1.43018598823042
0.269,1.43269183002922
0.27,1.43520751281668
0.271,1.43773308668395
0.272,1.44026860202829
0.273,1.4428141095549
0.274,1.4453696602788
0.275,1.4479353055266
0.276,1.45051109693839
0.277,1.45309708646961
0.278,1.45569332639288
0.279,1.45829986929987
0.28,1.4609167681032
0.281,1.46354407603832
0.282,1.46618184666536
0.283,1.46883013387108
0.284,1.47148899187074
0.285,1.47415847521001
0.286,1.47683863876691
0.287,1.47952953775371
0.288,1.48223122771885
0.289,1.48494376454893
0.29,1.48766720447059
0.291,1.49040160405251
0.292,1.49314702020733
0.293,1.49590351019364
0.294,1.49867113161793
0.295,1.5014499424366
0.296,1.5042400009579
0.297,1.50704136584397
0.298,1.50985409611279
0.299,1.51267825114022
0.3,1.51537776270608
0.301,1.51822502754498
0.302,1.52108395458458
0.303,1.52395460745791
0.304,1.52683705023814
0.305,1.52973134744161
0.306,1.53263756403093
0.307,1.53555576541811
0.308,1.53848601746768
0.309,1.54142838649979
0.31,1.54438293929339
0.311,1.54734974308939
0.312,1.55032886559382
0.313,1.553320374981
0.314,1.55632433989681
0.315,1.55934082946183
0.316,1.5623699132746
0.317,1.56541166141486
0.318,1.56846614444682
0.319,1.57153343342238
0.32,1.57461359988449
0.321,1.57770671587036
0.322,1.58081285391484
0.323,1.58393208705368
0.324,1.58706448882691
0.325,1.5902101332822
0.326,1.59336909497816
0.327,1.59654144898778
0.328,1.59972727090178
0.329,1.60292663683204
0.33,1.60613962341499
0.331,1.60936630781506
0.332,1.61260676772811
0.333,1.6158610813849
0.334,1.61912932755455
0.335,1.62241158554802
0.336,1.62570793522162
0.337,1.6290184569805
0.338,1.63234323178221
0.339,1.63568234114019
0.34,1.63903586712736
0.341,1.64240389237966
0.342,1.64578650009964
0.343,1.64918377406004
0.344,1.65259579860742
0.345,1.65602265866573
0.346,1.65946443973999
0.347,1.66292122791992
0.348,1.66639310988357
0.349,1.66988017290103
0.35,1.67338250483811
0.351,1.67690019416
0.352,1.68043332993503
0.353,1.68398200183837
0.354,1.68754630015577
0.355,1.69112631578732
0.356,1.69472214025121
0.357,1.6983338656875
0.358,1.70196158486194
0.359,1.70560539116976
0.36,1.70926537863946
0.361,1.71294164193669
0.362,1.71663427636809
0.363,1.72034337788511
0.364,1.72406904308792
0.365,1.72781136922928
0.366,1.73157045421847
0.367,1.73534639662515
0.368,1.73913929568332
0.369,1.74294925129527
0.37,1.74677636403551
0.371,1.75062073515475
0.372,1.75448246658388
0.373,1.75836166093794
0.374,1.76225842152018
0.375,1.76617285232603
0.376,1.77010505804715
0.377,1.7740551440755
0.378,1.77802321650736
0.379,1.78200938214745
0.38,1.78601374851297
0.381,1.79003642383775
0.382,1.79407751707633
0.383,1.79813713790808
0.384,1.8022153967414
0.385,1.80631240471782
0.386,1.80991874039786
0.387,1.81405389250336
0.388,1.81820835019199
0.389,1.8223822378945
0.39,1.82657568104569
0.391,1.83078880609194
0.392,1.83502174049886
0.393,1.83927461275883
0.394,1.84354755239872
0.395,1.84784068998754
0.396,1.85215415714415
0.397,1.85648808654507
0.398,1.86084261193219
0.399,1.86521786812065
0.4,1.86961399100664
0.401,1.87403111757534
0.402,1.87846938590876
0.403,1.88292893519377
0.404,1.88740990573003
0.405,1.89191243893801
0.406,1.89643667736707
0.407,1.9009827647035
0.408,1.90555084577865
0.409,1.91014106657709
0.41,1.91475357424476
0.411,1.9193885170972
0.412,1.9240460446278
0.413,1.92872630751607
0.414,1.93342945763594
0.415,1.93815564806411
0.416,1.94290503308844
0.417,1.94767776821634
0.418,1.95247401018322
0.419,1.95729391696096
0.42,1.96213764776642
0.421,1.96700536306999
0.422,1.97189722460414
0.423,1.97681339537205
0.424,1.98175403965623
0.425,1.9867193230272
0.426,1.99170941235219
0.427,1.99672447580389
0.428,2.0017646828692
0.429,2.00683020435804
0.43,2.01192121241221
0.431,2.01703788051421
0.432,2.02218038349618
0.433,2.02734889754882
0.434,2.03254360023036
0.435,2.03776467047557
0.436,2.04301228860476
0.437,2.04828663633287
0.438,2.05358789677858
0.439,2.05891625447342
0.44,2.06427189537092
0.441,2.06965500685586
0.442,2.07506577775345
0.443,2.08050439833859
0.444,2.08597106034522
0.445,2.09146595697559
0.446,2.09698928290963
0.447,2.1025412343144
0.448,2.10812200885342
0.449,2.11373180569622
0.45,2.11937082552779
0.451,2.12503927055808
0.452,2.13073734453164
0.453,2.13646525273711
0.454,2.14222320201691
0.455,2.14801140077689
0.456,2.153830058996
0.457,2.159679388236
0.458,2.16555960165127
0.459,2.17147091399853
0.46,2.17741354164671
0.461,2.1833877025868
0.462,2.18939361644169
0.463,2.19543150447615
0.464,2.20150158960673
0.465,2.20760409641179
0.466,2.21373925114149
0.467,2.21990728172783
0.468,2.22610841779478
0.469,2.23234289066835
0.47,2.23861093338674
0.471,2.24491278071057
0.472,2.24913004424149
0.473,2.25550140219612
0.474,2.2619081197207
0.475,2.26835047789696
0.476,2.274828760521
0.477,2.28134325412592
0.478,2.28789424800458
0.479,2.29448203423241
0.48,2.30110690769041
0.481,2.30776916608814
0.482,2.31446910998692
0.483,2.32120704282306
0.484,2.32798327093125
0.485,2.33479810356797
0.486,2.34165185293509
0.487,2.34854483420352
0.488,2.35547736553701
0.489,2.36244976811598
0.49,2.3694623661615
0.491,2.37651548695941
0.492,2.38360946088445
0.493,2.39074462142455
0.494,2.39792130520526
0.495,2.40513985201417
0.496,2.41240060482555
0.497,2.41970390982503
0.498,2.42705011643439
0.499,2.43443957733647
0.5,2.44187264850015
0.501,2.44934968920547
0.502,2.45687106206885
0.503,2.46443713306836
0.504,2.47204827156918
0.505,2.47970485034907
0.506,2.48740724562401
0.507,2.49515583707394
0.508,2.50295100786853
0.509,2.51079314469316
0.51,2.51868263777491
0.511,2.52661988090871
0.512,2.53460527148358
0.513,2.54263921050893
0.514,2.55072210264105
0.515,2.55885435620962
0.516,2.56703638324434
0.517,2.57526859950173
0.518,2.58355142449192
0.519,2.59188528150564
0.52,2.60027059764127
0.521,2.60870780383199
0.522,2.61719733487303
0.523,2.62573962944907
0.524,2.63433513016167
0.525,2.64298428355684
0.526,2.65168754015275
0.527,2.66044535446744
0.528,2.66925818504677
0.529,2.67812649449234
0.53,2.68705074948961
0.531,2.69603142083604
0.532,2.70506898346944
0.533,2.71416391649632
0.534,2.72331670322037
0.535,2.73252783117111
0.536,2.74179779213251
0.537,2.75112708217188
0.538,2.7605162016687
0.539,2.76996565534365
0.54,2.77947595228776
0.541,2.78904760599155
0.542,2.7986811343744
0.543,2.80837705981392
0.544,2.81813590917554
0.545,2.82795821384205
0.546,2.8378445097434
0.547,2.84779533738646
0.548,2.857811241885
0.549,2.86789277298971
0.55,2.87804048511832
0.551,2.88825493738587
0.552,2.89853669363501
0.553,2.90888632246649
0.554,2.91930439726967
0.555,2.92979149625317
0.556,2.94034820247567
0.557,2.95097510387671
0.558,2.9499108774941
0.559,2.96068554046161
0.56,2.97153613679007
0.561,2.98246345889455
0.562,2.99346830864264
0.563,3.00455149744344
0.564,3.01571384633706
0.565,3.02695618608449
0.566,3.03827935725796
0.567,3.04968421033163
0.568,3.06117160577284
0.569,3.07274241413368
0.57,3.08439751614307
0.571,3.09613780279921
0.572,3.1079641754625
0.573,3.11987754594888
0.574,3.13187883662359
0.575,3.14396898049537
0.576,3.15614892131112
0.577,3.16841961365091
0.578,3.18078202302351
0.579,3.19323712596229
0.58,3.2057859101216
0.581,3.21842937437351
0.582,3.23116852890508
0.583,3.24400439531596
0.584,3.25693800671648
0.585,3.26997040782616
0.586,3.28310265507264
0.587,3.29633581669107
0.588,3.30967097282386
0.589,3.32310921562098
0.59,3.33665164934053
0.591,3.35029939044993
0.592,3.36405356772735
0.593,3.37791532236372
0.594,3.3918858080651
0.595,3.40596619115547
0.596,3.42015765068001
0.597,3.43446137850874
0.598,3.44887857944064
0.599,3.46341047130821
0.6,3.47805828508239
0.601,3.49282326497799
0.602,3.50770666855949
0.603,3.52270976684735
0.604,3.53783384442462
0.605,3.55308019954415
0.606,3.56845014423607
0.607,3.58394500441581
0.608,3.59956611999247
0.609,3.61531484497772
0.61,3.63119254759504
0.611,3.64720061038942
0.612,3.6633404303375
0.613,3.67961341895815
0.614,3.69602100242344
0.615,3.71256462167009
0.616,3.7292457325113
0.617,3.74606580574908
0.618,3.76302632728692
0.619,3.78012879824299
0.62,3.79737473506365
0.621,3.81476566963755
0.622,3.83230314940999
0.623,3.84998873749785
0.624,3.86782401280484
0.625,3.8858105701373
0.626,3.90395002032029
0.627,3.92224399031425
0.628,3.94069412333197
0.629,3.95930207895609
0.63,3.97806953325696
0.631,3.99699817891097
0.632,4.01608972531929
0.633,4.03534589872705
0.634,4.05476844234297
0.635,4.07435911645936
0.636,4.09411969857262
0.637,4.11405198350413
0.638,4.13415778352159
0.639,4.15443892846079
0.64,4.17489726584777
0.641,4.19553466102148
0.642,4.21635299725682
0.643,4.23735417588811
0.644,4.25532623981231
0.645,4.27672379250583
0.646,4.2983276849546
0.647,4.32014080040062
0.648,4.34216606631364
0.649,4.36440645495872
0.65,4.3868649839686
0.651,4.40954471692105
0.652,4.43244876392105
0.653,4.45558028218803
0.654,4.47894247664795
0.655,4.50253860053047
0.656,4.52637195597104
0.657,4.55044589461811
0.658,4.57476381824525
0.659,4.59932917936851
0.66,4.6241454818687
0.661,4.6492162816189
0.662,4.67454518711701
0.663,4.70013586012351
0.664,4.72599201630433
0.665,4.75211742587898
0.666,4.77851591427383
0.667,4.80519136278063
0.668,4.83214770922028
0.669,4.8593889486119
0.67,4.88691913384714
0.671,4.91474237636984
0.672,4.94286284686099
0.673,4.97128477592908
0.674,5.00001245480575
0.675,5.02905023604695
0.676,5.05840253423935
0.677,5.08807382671234
0.678,5.11806865425537
0.679,5.14839162184087
0.68,5.17904739935248
0.681,5.21004072231906
0.682,5.23536012049218
0.683,5.26705567502376
0.684,5.29912041178953
0.685,5.33156079512489
0.686,5.36438341724129
0.687,5.39759500032765
0.688,5.43120239867434
0.689,5.46521260081994
0.69,5.49963273172083
0.691,5.53447005494375
0.692,5.56973197488146
0.693,5.60542603899159
0.694,5.64155994005884
0.695,5.67814151848056
0.696,5.71517876457595
0.697,5.75267982091881
0.698,5.7906529846942
0.699,5.82910671007892
0.7,5.86804961064598
0.701,5.90749046179326
0.702,5.94743820319636
0.703,5.9879019412858
0.704,6.02889095174874
0.705,6.07041468205523
0.706,6.11248275400921
0.707,6.15510496632424
0.708,6.19829129722429
0.709,6.24205190706945
0.71,6.28639714100687
0.711,6.33133753164698
0.712,6.37688380176504
0.713,6.4230468670283
0.714,6.46983783874864
0.715,6.51726802666109
0.716,6.56534894172811
0.717,6.61409229896989
0.718,6.66351002032065
0.719,6.71361423751128
0.72,6.76441729497813
0.721,6.79315013457046
0.722,6.8454363722712
0.723,6.89850759019829
0.724,6.95238171461153
0.725,7.00707713567397
0.726,7.06261271726961
0.727,7.11900780695406
0.728,7.17628224603888
0.729,7.23445637981048
0.73,7.29355106788442
0.731,7.3535876946959
0.732,7.41458818012733
0.733,7.47657499027379
0.734,7.53957114834715
0.735,7.60360024571977
0.736,7.66868645310861
0.737,7.73485453190048
0.738,7.80212984561935
0.739,7.87053837153658
0.74,7.94010671242478
0.741,8.01086210845626
0.742,8.08283244924679
0.743,8.15604628604565
0.744,8.23053284407256
0.745,8.30632203500267
0.746,8.38344446960003
0.747,8.46193147050073
0.748,8.54181508514636
0.749,8.62312809886863
0.75,8.705904048126
0.751,8.79017723389324
0.752,8.87598273520455
0.753,8.96335642285133
0.754,9.05233497323515
0.755,9.14295588237701
0.756,9.23525748008356
0.757,9.32927894427116
0.758,9.42506031544861
0.759,9.52264251135939
0.76,9.6120759096138
0.761,9.7136233494424
0.762,9.81729125303774
0.763,9.92314419058668
0.764,10.0312488060955
0.765,10.1416738702542
0.766,10.2544903341579
0.767,10.36977138389
0.768,10.4875924959758
0.769,10.6080314937104
0.77,10.7311686043696
0.771,10.8570865173087
0.772,10.985870442956
0.773,11.1176081727077
0.774,11.2523901397302
0.775,11.3903094806761
0.776,11.5314620983213
0.777,11.6759467251275
0.778,11.8238649877394
0.779,11.9543073775663
0.78,12.1096433571716
0.781,12.2689979312313
0.782,12.4325283453094
0.783,12.6003985816317
0.784,12.7727795907235
0.785,12.9498495281149
0.786,13.1317939961644
0.787,13.3188062910508
0.788,13.5110876549852
0.789,13.7088475336934
0.79,13.91230383922
0.791,14.121683218104
0.792,14.3372213249778
0.793,14.55916310164
0.794,14.7877630616528
0.795,15.0232855805143
0.796,15.2660051914579
0.797,15.5162068869278
0.798,15.6782946279709
0.799,15.9448278317528
0.8,16.2205462660794
0.801,16.505934614899
0.802,16.801505419583
0.803,17.1078003438798
0.804,17.4253914750553
0.805,17.7548826616947
0.806,18.0969108886419
0.807,18.4521476895529
0.808,18.8213005975387
0.809,19.2051146343733
0.81,19.6043738387444
0.811,20.0199028340199
0.812,20.4525684360095
0.813,20.9032813011942
0.814,21.3729976159025
0.815,21.8627208269066
0.816,22.3735034139168
0.817,22.9064487044486
0.818,23.4082915637852
0.819,23.9937492911641
0.82,24.609339666064
0.821,25.2572546720695
0.822,25.9398420306523
0.823,26.6596135341615
0.824,27.4192536559077
0.825,28.2216284415528
0.826,29.0697946860217
0.827,29.8037231509619
0.828,30.7574596317441
0.829,31.7750132028597
0.83,32.8627668166493
0.831,34.0277364676178
0.832,35.2776176576938
0.833,36.6208339442452
0.834,38.0665876129075
0.835,39.6249125172814
0.836,41.3067291275571
0.837,43.0552573632908
0.838,45.0424590504752
0.839,47.2223883959085
0.84,49.6210625017986
0.841,52.267796228225
0.842,55.0404907683629
0.843,58.3270057429862
0.844,62.0324087754179
0.845,66.2332877816547
0.846,71.0195064571579
0.847,75.6737319901702
0.848,82.1444883879926
0.849,89.8284362647334
0.85,99.0401362597349
0.851,110.167627829339
0.852,123.358283981058
0.853,141.16200502468
0.854,164.430906369113
0.855,196.796245118885
0.856,244.5044118467
0.857,325.056433047697
0.858,480.995726754955
0.859,922.190063730605
0.86,11201.0259733683
